Код розничного продавца,Наименование розничного продавца (мультиязычн),Тип розничного продавца
147,NonSoloNeve,"Магазин ""Спорттовары"""
92,VIP Department Stores,Универмаг
104,Extreme Outdoors,"Магазин ""Все для туризма"""
170,한성 골프,"Магазин ""Все для гольфа"""
132,花形ゴルフ ショップ,"Магазин ""Все для гольфа"""
96,Maximum Sports,"Магазин ""Спорттовары"""
115,Consumer Club,Магазин-склад
113,Edward's Department Store,Универмаг
157,Kanga Kampers,"Магазин ""Все для туризма"""
51,Extrem!,"Магазин ""Все для туризма"""
35,Camping Sauvage,"Магазин ""Все для туризма"""
89,Rock Steady,"Магазин ""Все для туризма"""
161,Preben's Tøy,"Магазин ""Все для туризма"""
119,Mega-Outlet,Магазин-склад
155,Beach Beds Pty Ltd.,Универмаг
49,Holstein Golf,"Магазин ""Все для гольфа"""
141,Sportworld,Универмаг
106,Donovan's Sports,"Магазин ""Спорттовары"""
99,Outdoor Gear Co-op,Магазин-склад
124,Weston Outfitters,"Магазин ""Все для туризма"""
47,Der Fitness-Doktor,"Магазин ""Спорттовары"""
159,Ocio y Aventura,Универмаг
181,Jensen Mountaineering,"Магазин ""Все для туризма"""
117,By A Thread,"Магазин ""Все для туризма"""
23,Anapurna,Прямой маркетинг
95,Falcon Outfitters,"Магазин ""Все для туризма"""
58,Weitblick,"Магазин ""Оптика"""
128,"MER-KA-DOS, S.A. de C.V.",Универмаг
54,In die Berge!,"Магазин ""Все для туризма"""
50,Die Zeltstadt,Магазин-склад
209,Ausrüstungshaus Globetrotter,Универмаг
118,Hartman's,Универмаг
160,Esportes Grumari,Универмаг
109,Second Wind Sports,"Магазин ""Спорттовары"""
168,Arjan Aitta,"Магазин ""Все для туризма"""
126,"Artículos de Campismo El Aquila, S.A. de C.V.","Магазин ""Все для туризма"""
110,The Golf Hut,"Магазин ""Все для гольфа"""
91,Mountain Madness,Прямой маркетинг
183,Outdoor Experience,"Магазин ""Все для туризма"""
90,Ultra Sports,"Магазин ""Спорттовары"""
211,Outdoor-Fachgeschäft Müller,"Магазин ""Все для туризма"""
100,Golf Masters,"Магазин ""Все для гольфа"""
180,Hurst Ironmongers,"Магазин ""Все для гольфа"""
193,Allo Allo,Прямой маркетинг
102,Camping Equipment Online,Прямой маркетинг
121,The Caddy's Corner,"Магазин ""Все для гольфа"""
158,Naranco de Bulnes,"Магазин ""Все для туризма"""
44,Die Fitness-Experten,Прямой маркетинг
37,Grand choix,Универмаг
93,Le Golfeur,"Магазин ""Все для гольфа"""
125,La bonne Forme,"Магазин ""Спорттовары"""
142,Topforma,Прямой маркетинг
178,Beck's Sports Store,"Магазин ""Спорттовары"""
146,Extra Sport,"Магазин ""Спорттовары"""
129,ゴルフ ショップ次郎,"Магазин ""Все для гольфа"""
149,Bellini,"Магазин ""Все для гольфа"""
156,Blue Mountains Golfing Company,"Магазин ""Все для гольфа"""
48,Sport & Freizeit,Универмаг
194,Caravanserai,"Магазин ""Все для туризма"""
120,Pumped!,"Магазин ""Спорттовары"""
188,Windsurfing Zürichsee,"Магазин ""Спорттовары"""
112,Jack and Jill Climbing School & Supplies,"Магазин ""Все для туризма"""
15,SportsClub,"Магазин ""Все для гольфа"""
123,American Home,Универмаг
145,Beter Buitenleven,"Магазин ""Все для туризма"""
136,日本 Sofcon ネット,Прямой маркетинг
137,Campingspecialisten,"Магазин ""Все для туризма"""
171,태호 스포츠,"Магазин ""Спорттовары"""
184,Romford Tools Ltd,Прямой маркетинг
177,南京体育有限公司,"Магазин ""Все для туризма"""
101,The Marketplace,Универмаг
185,Alles für Draußen,Прямой маркетинг
148,Paradiso della Tenda,"Магазин ""Все для туризма"""
172,振宇企業,Универмаг
174,海王星運動器材公司,"Магазин ""Все для гольфа"""
140,T & R Sport,Прямой маркетинг
116,Connor Department Store,Универмаг
33,Altitudes extrêmes,"Магазин ""Все для туризма"""
32,Cordages Discount,Магазин-склад
34,Optique et Lentilles,"Магазин ""Оптика"""
134,環状線スポーツ,"Магазин ""Спорттовары"""
131,日の出メガネ,"Магазин ""Оптика"""
105,Eye Dimensions,"Магазин ""Оптика"""
94,Sunglass Corner,"Магазин ""Оптика"""
182,Leisure Land,Универмаг
138,Sport Jonas,"Магазин ""Спорттовары"""
144,Holland Zonzoekers,"Магазин ""Все для гольфа"""
97,Act'N'Up Fitness,Магазин-склад
130,日本スポーツ用品店,"Магазин ""Спорттовары"""
111,Buena Vista Eyeware,"Магазин ""Оптика"""
186,Arnold's Clubs,"Магазин ""Все для гольфа"""
135,中英百貨店,Универмаг
189,Golf's'us,"Магазин ""Все для гольфа"""
176,中国多道体育有限公司,Прямой маркетинг
173,富展運動器材公司,Прямой маркетинг
175,杭州超人体育用品有限公司,"Магазин ""Все для гольфа"""
210,Golfer-Paradies,"Магазин ""Все для гольфа"""
150,Brambilla,Универмаг
127,"Todo para el Golf, S.A. de C.V.","Магазин ""Все для гольфа"""
179,Browns Opticals,"Магазин ""Оптика"""
133,北中登山用品店,Прокат снаряжения
1,ActiForme,Прокат снаряжения
103,Tamarack Outfitter Rentals,Прокат снаряжения
122,Up The Creek,Прокат снаряжения
114,Parkland Camping Rentals,Прокат снаряжения
143,Get Out,Прокат снаряжения
57,Rad und Tat,Прямой маркетинг
108,Trail Masters,"Магазин ""Все для туризма"""
98,Advanced Climbing Ltd,Прокат снаряжения
